PRVDR_CTGRY_SBTYP_CD,PRVDR_CTGRY_CD,CHOW_CNT,CHOW_DT,CITY_NAME,ACPTBL_POC_SW,CMPLNC_STUS_CD,SSA_CNTY_CD,CROSS_REF_PROVIDER_NUMBER,CRTFCTN_DT,ELGBLTY_SW,FAC_NAME,INTRMDRY_CARR_CD,MDCD_VNDR_NUM,ORGNL_PRTCPTN_DT,CHOW_PRIOR_DT,INTRMDRY_CARR_PRIOR_CD,PRVDR_NUM,RGN_CD,SKLTN_REC_SW,STATE_CD,SSA_STATE_CD,STATE_RGN_CD,ST_ADR,PHNE_NUM,PGM_TRMNTN_CD,TRMNTN_EXPRTN_DT,CRTFCTN_ACTN_TYPE_CD,GNRL_CNTL_TYPE_CD,ZIP_CD,FIPS_STATE_CD,FIPS_CNTY_CD,CBSA_URBN_RRL_IND,CBSA_CD,ACRDTN_EFCTV_DT,ACRDTN_EXPRTN_DT,ACRDTN_TYPE_CD,TOT_AFLTD_AMBLNC_SRVC_CNT,TOT_AFLTD_ASC_CNT,TOT_COLCTD_HOSP_CNT,TOT_AFLTD_ESRD_CNT,TOT_AFLTD_FQHC_CNT,TOT_AFLTD_HHA_CNT,TOT_AFLTD_HOSPC_CNT,TOT_AFLTD_OPO_CNT,TOT_AFLTD_PRTF_CNT,TOT_AFLTD_RHC_CNT,TOT_AFLTD_SNF_CNT,AFLTD_PRVDR_CNT,RSDNT_PGM_ALPTHC_SW,RSDNT_PGM_DNTL_SW,RSDNT_PGM_OSTPTHC_SW,RSDNT_PGM_OTHR_SW,RSDNT_PGM_PDTRC_SW,LAB_SRVC_CD,PHRMCY_SRVC_CD,RDLGY_SRVC_CD,ASC_BGN_SRVC_DT,FREESTNDNG_ASC_SW,OVRRD_BED_CNT_SW,CRTFD_BED_CNT,ICFIID_BED_CNT,MDCD_NF_BED_CNT,MDCR_SNF_BED_CNT,MDCR_MDCD_SNF_BED_CNT,AIDS_BED_CNT,ALZHMR_BED_CNT,DLYS_BED_CNT,DSBL_CHLDRN_BED_CNT,HEAD_TRMA_BED_CNT,HOSPC_BED_CNT,HNTGTN_DEASE_BED_CNT,REHAB_BED_CNT,VNTLTR_BED_CNT,BED_CNT,BRNCH_CNT,BRNCH_OPRTN_SW,CAH_PSYCH_DPU_SW,CAH_REHAB_DPU_SW,CAH_SB_SW,CRDC_CTHRTZTN_PRCDR_ROOMS_CNT,GNRL_FAC_TYPE_CD,CHOW_SW,CLIA_ID_NUMBER_1,CLIA_ID_NUMBER_2,CLIA_ID_NUMBER_3,CLIA_ID_NUMBER_4,CLIA_ID_NUMBER_5,COLCTN_STUS_SW,RN_24_HR_WVR_SW,RN_7_DAY_WVR_SW,BED_PER_ROOM_WVR_SW,LSC_WVR_SW,ROOM_SIZE_WVR_SW,ENDSCPY_PRCDR_ROOMS_CNT,ESRD_NTWRK_NUM,EXPRMT_RSRCH_CNDCTD_SW,FAX_PHNE_NUM,FY_END_MO_DAY_CD,FQHC_APPROVED_RHC_PROVIDER_NUM,FED_FUNDD_FQHC_SW,HHA_QLFYD_OPT_SPCH_SW,HH_AIDE_TRNG_PGM_CD,HOME_TRNG_SPRT_ONLY_SRVC_SW,MDCR_HOSPC_SW,HOSP_BSD_SW,INCNTR_NCTRNL_SRVC_SW,LTC_CROSS_REF_PROVIDER_NUMBER,MDCL_SCHL_AFLTN_CD,MEDICARE_HOSPICE_PROVIDER_NUM,MDCD_MDCR_PRTCPTG_PRVDR_SW,MEDICARE_MEDICAID_PRVDR_NUMBER,MLT_FAC_ORG_NAME,MLT_OWND_FAC_ORG_SW,NCRY_PRVDR_DSGNTD_DT,NCRY_PRVDR_DSGNTD_AS_SW,NCRY_PRVDR_LOST_DT,MEET_1861_SW,NPP_TYPE_CD,TOT_OFSITE_CNCR_HOSP_CNT,TOT_OFSITE_CHLDRN_HOSP_CNT,TOT_OFSITE_EMER_DEPT_CNT,TOT_OFSITE_INPTNT_LCTN_CNT,TOT_OFSITE_LTC_HOSP_CNT,TOT_OFSITE_OPTHLMC_SRGRY_CNT,TOT_OFSITE_OTHR_LCTN_CNT,TOT_OFSITE_PSYCH_HOSP_CNT,TOT_OFSITE_PSYCH_UNIT_CNT,TOT_OFSITE_REHAB_HOSP_CNT,TOT_OFSITE_REHAB_UNIT_CNT,TOT_OFSITE_URGNT_CARE_CNTR_CNT,OFSITE_LCTN_CNT,OPRTG_ROOM_CNT,ORGNZ_FMLY_MBR_GRP_SW,ORGNZ_RSDNT_GRP_SW,PARENT_PROVIDER_NUMBER,FQHC_APRVD_RHC_SW,MDCR_PRTCPTN_OP_PT_SPCH_SW,PGM_PRTCPTN_CD,PRVDR_BSD_FAC_SW,PRVNC_CD,PSYCH_UNIT_BED_CNT,PSYCH_UNIT_EFCTV_DT,PSYCH_UNIT_SW,PSYCH_UNIT_TRMNTN_CD,PSYCH_UNIT_TRMNTN_DT,REHAB_UNIT_BED_CNT,REHAB_UNIT_EFCTV_DT,REHAB_UNIT_SW,REHAB_UNIT_TRMNTN_CD,REHAB_UNIT_TRMNTN_DT,RELATED_PROVIDER_NUMBER,ACUTE_RNL_DLYS_SRVC_CD,PSYCH_SRVC_CD,HH_AIDE_SRVC_CD,ALCHL_DRUG_SRVC_CD,ANSTHSA_SRVC_CD,APLNC_EQUIP_SRVC_CD,AUDLGY_SRVC_CD,BLOOD_SRVC_OFSITE_RSDNT_SW,BLOOD_SRVC_ONST_NRSDNT_SW,BLOOD_SRVC_ONST_RSDNT_SW,BURN_CARE_UNIT_SRVC_CD,CRDC_CTHRTZTN_LAB_SRVC_CD,OPEN_HRT_SRGRY_SRVC_CD,CARF_IP_REHAB_SRVC_CD,CHMTHRPY_SRVC_CD,CHRPRCTIC_SRVC_CD,CL_SRVC_OFSITE_RSDNT_SW,CL_SRVC_ONST_NRSDNT_SW,CL_SRVC_ONST_RSDNT_SW,CL_SRVC_CD,CRNRY_CARE_UNIT_SRVC_CD,CNSLNG_SRVC_CD,CT_SCAN_SRVC_CD,DNTL_SRVC_CD,DNTL_SRVC_OFSITE_RSDNT_SW,DNTL_SRVC_ONST_NRSDNT_SW,DNTL_SRVC_ONST_RSDNT_SW,SHCK_TRMA_SRVC_CD,DGNSTC_RDLGY_SRVC_CD,DTRY_SRVC_CD,DTRY_OFSITE_RSDNT_SW,DTRY_ONST_NRSDNT_SW,DTRY_ONST_RSDNT_SW,DCTD_ER_SRVC_CD,EMER_PSYCH_SRVC_CD,XTRCRPRL_SHCK_LTHTRPTR_SRVC_CD,FRNSC_PSYCH_SRVC_CD,GRTRC_PSYCH_SRVC_CD,GRNTLGCL_SPCLTY_SRVC_CD,SP_HOME_TRNG_SPRT_HD_SW,HMDLYS_SRVC_SW,HMMKR_SRVC_CD,HSEKPNG_SRVC_OFSITE_RSDNT_SW,HSEKPNG_SRVC_ONST_NRSDNT_SW,HSEKPNG_SRVC_ONST_RSDNT_SW,IP_SRGCL_SRVC_CD,INTRN_RSDNT_SRVC_CD,MDCL_SCL_SRVC_CD,MDCL_SUPLY_SRVC_CD,ICU_SRVC_CD,MDCR_TRNSPLNT_CNTR_SRVC_CD,MENTL_HLTH_OFSITE_RSDNT_SW,MENTL_HLTH_ONST_NRSDNT_SW,MENTL_HLTH_ONST_RSDNT_SW,MGNTC_RSNC_IMG_SRVC_CD,NEONTL_ICU_SRVC_CD,NEONTL_NRSRY_SRVC_CD,NRSRGCL_SRVC_CD,ORGN_TRNSPLNT_SRVC_CD,NUCLR_MDCN_SRVC_CD,NRSNG_SRVC_EMPLEE_SW,NRSNG_SRVC_CNTRCTR_SW,NRSNG_SRVC_ARNGMT_SW,NRSNG_SRVC_CD,NRSNG_SRVC_OFSITE_RSDNT_SW,NRSNG_SRVC_ONST_NRSDNT_SW,NRSNG_SRVC_ONST_RSDNT_SW,NTRTNL_GDNC_SRVC_CD,OB_SRVC_CD,OPTHLMC_SRGY_SRVC_CD,OPTMTRC_SRVC_CD,OPRTG_ROOM_SRVC_CD,ORTHPDC_SRGY_SRVC_CD,ORTHTC_PRSTHTC_EMPLEE_SW,ORTHTC_PRSTHTC_CNTRCTR_SW,ORTHTC_PRSTHTC_ARNGMT_SW,OT_EMPLEE_SW,OT_CNTRCTR_SW,OT_ARNGMT_SW,OT_SRVC_CD,OT_SRVC_OFSITE_RSDNT_SW,OT_SRVC_ONST_NRSDNT_SW,OT_SRVC_ONST_RSDNT_SW,OTHR_SRVC_CD,OP_SRVC_CD,OP_PSYCH_SRVC_CD,OP_REHAB_SRVC_CD,OP_SRGRY_UNIT_SRVC_CD,PED_SRVC_CD,PED_ICU_SRVC_CD,SP_HOME_TRNG_SPRT_PD_SW,PRTNL_DLYS_SRVC_SW,PET_SCAN_SRVC_CD,PHRMCY_SRVC_OFSITE_RSDNT_SW,PHRMCY_SRVC_ONST_NRSDNT_SW,PHRMCY_SRVC_ONST_RSDNT_SW,PHYSN_EMPLEE_SW,PHYSN_CNTRCTR_SW,PHYSN_ARNGMT_SW,PHYSN_SRVC_CD,PHYSN_EXT_SRVC_OFSITE_RSDNT_SW,PHYSN_EXT_SRVC_ONST_NRSDNT_SW,PHYSN_EXT_SRVC_ONST_RSDNT_SW,PHYSN_SRVC_OFSITE_RSDNT_SW,PHYSN_SRVC_ONST_NRSDNT_SW,PHYSN_SRVC_ONST_RSDNT_SW,PDTRY_SRVC_OFSITE_RSDNT_SW,PDTRY_SRVC_ONST_NRSDNT_SW,PDTRY_SRVC_ONST_RSDNT_SW,PSTOPRTV_RCVRY_SRVC_CD,CHLD_ADLSCNT_PSYCH_SRVC_CD,PSYCHLGCL_EMPLEE_SW,PSYCHLGCL_CNTRCTR_SW,PSYCHLGCL_ARNGMT_SW,PT_EMPLEE_SW,PT_CNTRCTR_SW,PT_ARNGMT_SW,PT_SRVC_CD,PT_OFSITE_RSDNT_SW,PT_ONST_NRSDNT_SW,PT_ONST_RSDNT_SW,RCNSTRCTN_SRGY_SRVC_CD,RSPRTRY_CARE_EMPLEE_SW,RSPRTRY_CARE_CNTRCTR_SW,RSPRTRY_CARE_ARNGMT_SW,RSPRTRY_CARE_SRVC_CD,SHRT_TERM_IP_SRVC_CD,SCL_EMPLEE_SW,SCL_CNTRCTR_SW,SCL_ARNGMT_SW,SCL_SRVC_CD,SCL_WORK_SRVC_OFSITE_RSDNT_SW,SCL_WORK_SRVC_ONST_NRSDNT_SW,SCL_WORK_SRVC_ONST_RSDNT_SW,SPCH_PTHLGY_EMPLEE_SW,SPCH_PTHLGY_CNTRCTR_SW,SPCH_PTHLGY_ARNGMT_SW,SPCH_PTHLGY_SRVC_CD,SPCH_PTHLGY_OFSITE_RSDNT_SW,SPCH_PTHLGY_ONST_NRSDNT_SW,SPCH_PTHLGY_ONST_RSDNT_SW,SPCH_THRPY_SRVC_CD,SRGCL_ICU_SRVC_CD,ACTVTY_OTHR_OFSITE_RSDNT_SW,ACTVTY_OTHR_ONST_NRSDNT_SW,ACTVTY_OTHR_ONST_RSDNT_SW,SCL_SRVC_OTHR_OFSITE_RSDNT_SW,SCL_SRVC_OTHR_ONST_NRSDNT_SW,SCL_SRVC_OTHR_ONST_RSDNT_SW,ACTVTY_OFSITE_RSDNT_SW,ACTVTY_ONST_NRSDNT_SW,ACTVTY_ONST_RSDNT_SW,THRPTC_RDLGY_SRVC_CD,THRPTC_RCRTNL_OFSITE_RSDNT_SW,THRPTC_RCRTNL_ONST_NRSDNT_SW,THRPTC_RCRTNL_ONST_RSDNT_SW,URGNT_CARE_SRVC_CD,VCTNL_GDNC_SRVC_CD,VCTNL_SRVC_OFSITE_RSDNT_SW,VCTNL_SRVC_ONST_NRSDNT_SW,VCTNL_SRVC_ONST_RSDNT_SW,DGNSTC_XRAY_OFSITE_RSDNT_SW,DGNSTC_XRAY_ONST_NRSDNT_SW,DGNSTC_XRAY_ONST_RSDNT_SW,ACUTE_RESP_CARE_CD,OVRRD_STFG_SW,PROFNL_ADMIN_CNTRCT_CNT,PROFNL_ADMIN_FLTM_CNT,PROFNL_ADMIN_PRTM_CNT,HH_AIDE_EMPLEE_CNT,HH_AIDE_VLNTR_CNT,PRSNEL_OTHR_CNT,NRS_AIDE_CNTRCT_CNT,NRS_AIDE_FLTM_CNT,NRS_AIDE_PRTM_CNT,CNSLR_EMPLEE_CNT,CNSLR_VLNTR_CNT,CRNA_CNT,DNTST_CNTRCT_CNT,DNTST_FLTM_CNT,DNTST_PRTM_CNT,DIETN_CNT,DIETN_CNTRCT_CNT,DIETN_FLTM_CNT,DIETN_PRTM_CNT,DRCT_CARE_PRSNEL_CNT,FOOD_SRVC_CNTRCT_CNT,FOOD_SRVC_FLTM_CNT,FOOD_SRVC_PRTM_CNT,HH_AIDE_CNT,HMMKR_EMPLEE_CNT,HMMKR_VLNTR_CNT,HSEKPNG_CNTRCT_CNT,HSEKPNG_FLTM_CNT,HSEKPNG_PRTM_CNT,LAB_TCHNCN_CNT,LPN_CNT,LPN_LVN_CNT,LPN_LVN_CNTRCT_CNT,LPN_LVN_FLTM_CNT,LPN_LVN_PRTM_CNT,LPN_LVN_VLNTR_CNT,MDCL_DRCTR_CNTRCT_CNT,MDCL_DRCTR_FLTM_CNT,MDCL_DRCTR_PRTM_CNT,MDCL_SCL_WORKR_CNT,MDCL_SCL_WORKR_VLNTR_CNT,MDCL_TCHNLGST_CNT,MDCTN_AIDE_CNTRCT_CNT,MDCTN_AIDE_FLTM_CNT,MDCTN_AIDE_PRTM_CNT,MENTL_HLTH_SRVC_CNTRCT_CNT,MENTL_HLTH_SRVC_FLTM_CNT,MENTL_HLTH_SRVC_PRTM_CNT,NUCLR_MDCN_TCHNCN_CNT,NAT_CNTRCT_CNT,NAT_FLTM_CNT,NAT_PRTM_CNT,NRS_PRCTNR_CNT,NRS_ADMINV_CNTRCT_CNT,NRS_ADMINV_FLTM_CNT,NRS_ADMINV_PRTM_CNT,OCPTNL_THRPST_CNT,OCPTNL_THRPST_CNTRCT_CNT,OCPTNL_THRPST_FLTM_CNT,OCPTNL_THRPST_PRTM_CNT,OT_AIDE_CNTRCT_CNT,OT_AIDE_FLTM_CNT,OT_AIDE_PRTM_CNT,OT_ASTNT_CNTRCT_CNT,OT_ASTNT_FLTM_CNT,OT_ASTNT_PRTM_CNT,VLNTR_OTHR_CNT,ACTVTY_STF_OTHR_CNTRCT_CNT,ACTVTY_STF_OTHR_FLTM_CNT,ACTVTY_STF_OTHR_PRTM_CNT,PHYSN_OTHR_CNTRCT_CNT,PHYSN_OTHR_FLTM_CNT,PHYSN_OTHR_PRTM_CNT,SCL_SRVC_OTHR_STF_CNTRCT_CNT,SCL_SRVC_OTHR_STF_FLTM_CNT,SCL_SRVC_OTHR_STF_PRTM_CNT,STF_OTHR_CNTRCT_CNT,STF_OTHR_FLTM_CNT,STF_OTHR_PRTM_CNT,PHRMCST_CNTRCT_CNT,PHRMCST_FLTM_CNT,PHRMCST_PRTM_CNT,PHYS_THRPST_CNTRCT_CNT,PHYS_THRPST_FLTM_CNT,PHYS_THRPST_PRTM_CNT,PHYSN_CNT,PHYSN_VLNTR_CNT,PHYSN_ASTNT_CNT,PHYSN_EXT_CNTRCT_CNT,PHYSN_EXT_FLTM_CNT,PHYSN_EXT_PRTM_CNT,RSDNT_PHYSN_CNT,PDTRST_CNTRCT_CNT,PDTRST_FLTM_CNT,PDTRST_PRTM_CNT,PSYCHLGST_CNT,PHYS_THRPST_STF_CNT,PHYS_THRPST_CNT,PHYS_THRPST_ARNGMT_CNT,PT_AIDE_CNTRCT_CNT,PT_AIDE_FLTM_CNT,PT_AIDE_PRTM_CNT,PT_ASTNT_CNTRCT_CNT,PT_ASTNT_FLTM_CNT,PT_ASTNT_PRTM_CNT,ACTVTY_PROFNL_CNTRCT_CNT,ACTVTY_PROFNL_FLTM_CNT,ACTVTY_PROFNL_PRTM_CNT,RDLGY_TCHNCN_CNT,REG_PHRMCST_CNT,INHLTN_THRPST_CNT,RN_CNT,RN_CNTRCT_CNT,RN_FLTM_CNT,RN_PRTM_CNT,RN_VLNTR_CNT,RN_DRCTR_CNTRCT_CNT,RN_DRCTR_FLTM_CNT,RN_DRCTR_PRTM_CNT,SCL_WORKR_CNT,SCL_WORKR_CNTRCT_CNT,SCL_WORKR_FLTM_CNT,SCL_WORKR_PRTM_CNT,SPCH_PTHLGST_ARNGMT_CNT,SPCH_PTHLGST_CNTRCT_CNT,SPCH_PTHLGST_FLTM_CNT,SPCH_PTHLGST_PRTM_CNT,SPCH_PTHLGST_CNT,SPCH_PTHLGST_AUDLGST_CNT,TCHNCL_STF_NUM,TCHNCN_CNT,THRPTC_RCRTNL_CNTRCT_CNT,THRPTC_RCRTNL_FLTM_CNT,THRPTC_RCRTNL_PRTM_CNT,EMPLEE_CNT,VLNTR_CNT,SBUNIT_CNT,SBUNIT_SW,SBUNIT_OPRTN_SW,DNTL_SRGRY_SW,OTLRYNGLGY_SRGRY_SW,ENDSCPY_SRGRY_SW,OB_GYN_SRGRY_SW,OPTHMLGY_SRGRY_SW,ORTHPDC_SRGRY_SW,OTHR_SRGRY_SW,PAIN_SRGRY_SW,PLSTC_SRGRY_SW,FT_SRGRY_SW,SB_SW,SB_SIZE_CD,TCHNLGST_2_YR_RDLGC_CNT,TCHNLGST_ASCT_DGR_CNT,TCHNLGST_BS_BA_DGR_CNT,DLYS_STN_CNT
01,01,0,"",HONOLULU,N,A,020,"",20151221,Y,"THE QUEENS MEDICAL CENTER",00040,"",19660701,"",00040,120001,09,N,HI,12,001,"1301 PUNCHBOWL ST",8085389011,00,"",5,02,96813,15,003,U,46520,"","",0,0,0,0,0,0,0,0,0,0,0,0,0,Y,Y,N,N,N,"",1,"","","",Y,585,"","","","","","","","","","","","","",585,"","",N,N,N,4,01,"",12D0620410,12D2075360,"","","",N,N,"","",N,"",8,"","",8085474018,0630,"","","","","","","","","",2,"",Y,"","","","",N,"",N,"",0,0,0,1,0,0,3,0,0,0,0,0,4,31,"","","","","",3,"","",0,"",N,"","",0,"",N,"","","",1,1,"",0,1,"",1,"","","",0,1,1,1,1,0,"","","",1,1,"",1,1,"","","",1,1,0,"","","",1,1,1,0,0,1,"","","","","","",1,"","","",1,1,"","","",1,0,1,1,1,1,"","","","","","","","",1,1,1,1,1,"","","","","","",1,"","","","",1,1,1,1,1,0,"","",1,"","","","","","","","","","","","","","","","",1,1,"","","","","","",1,"","","",1,"","","",1,"","","","",1,"","","","","","",1,"","","","",1,"","","","","","","","","",1,"","","",1,"","","","","","","","",Y,"","","","","",2552,"","","","","",6,"","","",0,"","","","","","","","","","","","","",16,"",5,"","","","","","","",47,"",9,"","","","","","",10,"","","",66,"","","",18,"","","","","","","","","","","","","","","","","","","","","","","","","","","","",137,"",7,"","","",2,"","","",3,"",34,"","","","","","","","","","",34,57,62,1386,"","","","","","","","","","","","","","","","",12,"","","","","","","","","","","","","","","","","","","","",N,"","","","",""
01,01,1,20170701,WAILUKU,N,A,050,"",19861010,Y,"MAUI MEMORIAL MEDICAL CENTER",00040,"",19660701,"",00040,120002,09,N,HI,12,001,"221 MAHALANI STREET",8082449056,00,"",2,06,96793,15,009,U,27980,20080426,20110426,1,0,0,0,0,0,0,0,0,0,0,0,0,N,N,N,Y,N,"",1,"","","",N,213,"","","","","","","","","","","","","",213,"","",N,N,N,0,01,"","","","","","",N,N,"","",N,"",0,"","","",0630,"","","","","","","","","",2,"",Y,"","","","",N,"",N,"",0,0,0,0,0,0,0,0,0,0,0,0,0,0,"","","","","",3,"","",0,"",N,"","",0,"",N,"","","",1,1,"",0,3,"",0,"","","",0,1,1,1,1,0,"","","",3,1,"",1,0,"","","",0,3,1,"","","",0,1,1,0,0,0,"","","","","","",1,"","","",1,0,"","","",3,0,1,1,0,3,"","","","","","","","",1,3,0,1,3,"","","","","","",1,"","","","",3,3,1,1,1,0,"","",0,"","","","","","","","","","","","","","","","",1,1,"","","","","","",1,"","","",1,"","","",1,"","","","",1,"","","","","","",1,"","","","",1,"","","","","","","","","",3,"","","",0,"","","","","","","","",N,"","","","","",653.35,"","","","","",0,"","","",4,"","","","","","","","","","","","","",0,"",25,"","","","","","","",25,"",4,"","","","","","",3,"","","",0,"","","",8.35,"","","","","","","","","","","","","","","","","","","","","","","","","","","","",4.75,"",2,"","","",0,"","","",1,"",6.05,"","","","","","","","","","",30.9,15,19.3,411,"","","","","","","","","","","","","","","","",2.3,"","","","","","","","","","","","","","","","","","","","",N,"","","","",""
01,01,1,"",HILO,N,A,010,"",20110323,Y,"HILO BENIOFF MEDICAL CENTER",01201,"",19660701,"","",120005,09,N,HI,12,001,"1190 WAIANUENUE AVENUE",8089323000,00,"",5,06,96720,15,001,R,99912,20110204,20140204,1,0,0,0,0,0,1,0,0,0,0,1,2,N,N,N,N,N,"",1,"","","",Y,142,"","","","","","","","","","","","","",142,"","",N,N,N,0,01,"",12D0619009,12D0890377,12D2004639,12D1090901,12D1080283,N,N,"","",N,"",0,"","",8089744746,0630,"","","","","","","","","",4,"",Y,"","","","",N,"",N,"",0,0,8,0,0,0,0,0,0,0,0,0,8,0,"","","","","",3,"","",0,"",N,"","",0,"",N,"","","",2,1,"",0,2,"",1,"","","",0,1,0,1,1,0,"","","",2,0,"",1,2,"","","",0,1,1,"","","",2,1,0,1,1,0,"","","","","","",1,"","","",1,0,"","","",1,0,0,0,0,1,"","","","","","","","",1,2,0,1,1,"","","","","","",1,"","","","",3,0,1,1,1,0,"","",0,"","","","","","","","","","","","","","","","",1,0,"","","","","","",1,"","","",0,"","","",1,"","","","",1,"","","","","","",1,"","","","",1,"","","","","","","","","",1,"","","",0,"","","","","","","","",Y,"","","","","",492.27,"","","","","",1,"","","",4,"","","","","","","","","","","","","",0,"",16.8,"","","","","","","",2,"",7,"","","","","","",2,"","","",1,"","","",5,"","","","","","","","","","","","","","","","","","","","","","","","","","","","",10.5,"",0,"","","",0,"","","",0,"",6.9,"","","","","","","","","","",9,10,14,243.7,"","","","","","","","","","","","","","","","",1,"","","","","","","","","","","","","","","","","","","","",N,"","","","",""
01,01,0,"",KAILUA,N,A,020,"",20071018,Y,"ADVENTIST HEALTH CASTLE",00040,"",19660701,"",17120,120006,09,N,HI,12,001,"640 ULUKAHIKI ST",8082635015,00,"",5,01,96734,15,003,U,46520,20070831,20100831,1,0,0,0,0,0,0,0,0,0,0,0,0,N,N,N,N,N,"",1,"","","",N,160,"","","","","","","","","","","","","",160,"","",N,N,N,0,01,"","","","","","",N,N,"","",N,"",0,"","",8082635016,1231,"","","","","","","","","",3,"",Y,"","","","",N,"",N,"",0,0,0,0,0,1,1,0,0,0,0,0,2,0,"","","","","",3,"","",0,"",N,"","",0,"",N,"","","",2,1,"",0,2,"",1,"","","",0,1,0,0,1,0,"","","",1,0,"",1,0,"","","",0,1,1,"","","",1,1,1,0,1,0,"","","","","","",1,"","","",1,0,"","","",1,0,0,0,0,1,"","","","","","","","",1,1,0,1,1,"","","","","","",1,"","","","",1,0,1,1,0,0,"","",0,"","","","","","","","","","","","","","","","",1,0,"","","","","","",1,"","","",1,"","","",1,"","","","",1,"","","","","","",1,"","","","",0,"","","","","","","","","",0,"","","",0,"","","","","","","","",N,"","","","","",406.15,"","","","","",0,"","","",3.4,"","","","","","","","","","","","","",2,"",8.1,"","","","","","","",5.5,"",1,"","","","","","",1.9,"","","",0,"","","",3.5,"","","","","","","","","","","","","","","","","","","","","","","","","","","","",7,"",0,"","","",0,"","","",0,"",12.5,"","","","","","","","","","",22.8,10.5,14.2,178.8,"","","","","","","","","","","","","","","","",0.75,"","","","","","","","","","","","","","","","","","","","",Y,1,"","","",""
01,01,0,"",HONOLULU,N,A,020,"",20050317,Y,"KUAKINI MEDICAL CENTER",00040,"",19660701,"",17120,120007,09,N,HI,12,001,"347 NORTH KUAKINI STREET",8085362236,00,"",5,02,96817,15,003,U,46520,20020307,20050307,1,0,0,0,0,0,0,0,0,0,0,1,1,Y,N,N,N,N,"",1,"","","",N,212,"","","","","","","","","","","","","",212,"","",Y,N,N,0,01,"",12D0621196,12D0689105,12D0910491,"","",N,N,"","",N,"",0,"","",8085479507,0630,"","","","","","","","","",1,"",Y,"","","","",N,"",N,"",0,0,0,0,0,0,0,0,0,0,0,0,0,0,"","","","","",3,"","",0,"",N,"","",0,"",N,"","","",0,0,"",0,1,"",0,"","","",0,1,1,0,1,0,"","","",1,1,"",1,0,"","","",0,1,1,"","","",3,0,0,0,0,0,"","","","","","",1,"","","",1,0,"","","",1,0,0,1,0,1,"","","","","","","","",0,1,0,1,1,"","","","","","",1,"","","","",1,0,1,1,0,0,"","",0,"","","","","","","","","","","","","","","","",1,0,"","","","","","",1,"","","",1,"","","",1,"","","","",1,"","","","","","",1,"","","","",1,"","","","","","","","","",1,"","","",0,"","","","","","","","",Y,"","","","","",486.12,"","","","","",0,"","","",4,"","","","","","","","","","","","","",2,"",17.48,"","","","","","","",7,"",20,"","","","","","",7,"","","",0,"","","",2,"","","","","","","","","","","","","","","","","","","","","","","","","","","","",0.8,"",0,"","","",0,"","","",0,"",3,"","","","","","","","","","",25.28,8,22.1,234.88,"","","","","","","","","","","","","","","","",2,"","","","","","","","","","","","","","","","","","","","",N,"","","","",""
01,01,0,"",HONOLULU,N,A,020,"",20031119,Y,"KAISER FOUNDATION HOSPITAL",52280,"",19660701,"",51051,120011,09,N,HI,12,001,"3288 MOANALUA RD",8084320000,00,"",2,02,96819,15,003,U,46520,20031001,20060930,1,0,0,0,0,0,0,0,0,0,0,0,0,Y,N,N,N,N,"",1,"","","",Y,250,"","","","","","","","","","","","","",250,"","",N,N,N,0,01,"","","","","","",N,N,"","",N,"",0,"","","",1231,"","","","","","","","","",1,"",Y,"","","","",N,"",N,"",0,0,0,0,0,0,0,0,0,0,0,0,0,0,"","","","","",3,"","",0,"",N,"","",0,"",N,"","","",1,3,"",3,1,"",0,"","","",2,0,1,0,0,2,"","","",1,1,"",0,2,"","","",2,1,1,"","","",1,0,0,0,0,0,"","","","","","",1,"","","",1,0,"","","",0,0,1,0,2,1,"","","","","","","","",1,0,1,1,0,"","","","","","",1,"","","","",2,0,0,1,1,0,"","",0,"","","","","","","","","","","","","","","","",1,0,"","","","","","",1,"","","",0,"","","",1,"","","","",1,"","","","","","",1,"","","","",0,"","","","","","","","","",1,"","","",0,"","","","","","","","",Y,"","","","","",1145.25,"","","","","",15.5,"","","",5,"","","","","","","","","","","","","",0,"",55,"","","","","","","",13.5,"",0,"","","","","","",0,"","","",0,"","","",1,"","","","","","","","","","","","","","","","","","","","","","","","","","","","",0,"",5,"","","",12,"","","",0,"",4.5,"","","","","","","","","","",0,25,12.5,577.75,"","","","","","","","","","","","","","","","",3.5,"","","","","","","","","","","","","","","","","","","","",N,"","","","",""
01,01,0,"",LIHUE,N,A,040,"",20051027,Y,"WILCOX MEMORIAL HOSPITAL",00454,"",19660701,"",00040,120014,09,N,HI,12,001,"3-3420 KUHIO HIGHWAY",8082451103,00,"",2,05,96766,15,007,R,99912,20041212,20051212,1,0,0,0,0,0,0,0,0,0,0,0,0,N,N,N,N,N,"",1,"","","",Y,71,"","","","","","","","","","","","","",71,"","",N,N,N,0,01,"","","","","","",N,N,"","",N,"",0,"","",8082451171,0630,"","","","","","","","","",4,"",Y,"","","","",N,"",N,"",0,0,0,0,0,1,0,0,0,0,0,0,1,0,"","","","","",1,"","",0,"",N,"","",0,"",N,"","","",1,0,"",0,3,"",1,"","","",0,0,0,3,1,0,"","","",0,3,"",1,2,"","","",0,3,1,"","","",3,3,0,0,0,0,"","","","","","",3,"","","",3,0,"","","",3,0,3,0,3,3,"","","","","","","","",3,3,0,3,3,"","","","","","",3,"","","","",3,0,3,3,3,0,"","",0,"","","","","","","","","","","","","","","","",3,0,"","","","","","",3,"","","",3,"","","",1,"","","","",1,"","","","","","",3,"","","","",0,"","","","","","","","","",0,"","","",0,"","","","","","","","",Y,"","","","","",0,"","","","","",1,"","","",2,"","","","","","","","","","","","","",0,"",12,"","","","","","","",2,"",0,"","","","","","",2,"","","",0,"","","",2.6,"","","","","","","","","","","","","","","","","","","","","","","","","","","","",0,"",0,"","","",0,"","","",0,"",6.6,"","","","","","","","","","",11.8,3,8.6,70,"","","","","","","","","","","","","","","","",1,"","","","","","","","","","","","","","","","","","","","",Y,1,"","","",""
01,01,2,"",KEALAKEKUA,N,A,010,"",20110217,Y,"KONA COMMUNITY HOSPITAL",00040,"",19660701,"","",120019,09,N,HI,12,001,"79-1019 HAUKAPILA STREET",8083229311,00,"",2,06,96750,15,001,R,99912,20080830,20110830,1,0,0,0,0,0,0,0,0,0,0,0,0,N,N,N,N,N,"",1,"","","",Y,60,"","","","","","","","","","","","","",60,"","",N,Y,N,0,01,"",12D0903257,12D0619518,"","","",N,N,"","",N,"",0,"","",8083224488,0630,"","","","","","","","","",4,"",Y,"","","","",N,"",N,"",0,0,0,0,0,0,0,0,0,0,0,0,0,0,"","","","","",3,"","",11,20010701,Y,0,"",0,"",N,"","","",0,2,"",0,1,"",2,"","","",0,0,0,1,1,0,"","","",2,0,"",1,2,"","","",0,3,1,"","","",3,2,2,0,2,0,"","","","","","",1,"","","",1,0,"","","",1,0,0,0,3,1,"","","","","","","","",1,2,0,1,2,"","","","","","",1,"","","","",3,0,1,1,2,0,"","",0,"","","","","","","","","","","","","","","","",1,0,"","","","","","",1,"","","",2,"","","",1,"","","","",1,"","","","","","",1,"","","","",0,"","","","","","","","","",3,"","","",0,"","","","","","","","",Y,"","","","","",0,"","","","","",0,"","","",1.6,"","","","","","","","","","","","","",0,"",5.9,"","","","","","","",3.75,"",0,"","","","","","",1.5,"","","",0,"","","",2.75,"","","","","","","","","","","","","","","","","","","","","","","","","","","","",1,"",0,"","","",0,"","","",0,"",2.8,"","","","","","","","","","",5,6.6,8.5,150.65,"","","","","","","","","","","","","","","","",1,"","","","","","","","","","","","","","","","","","","","",Y,1,"","","",""
01,01,2,20011223,HONOLULU,Y,A,020,"",20001115,Y,"STRAUB CLINIC AND HOSPITAL",00454,"",19730204,20001114,00040,120022,09,N,HI,12,001,"888 S KING STREET",8085224000,00,"",5,04,96813,15,003,U,46520,20001030,20031030,1,0,0,0,0,0,0,0,0,0,0,0,0,Y,N,N,N,N,"",1,"","","",Y,159,"","","","","","","","","","","","","",159,"","",N,N,N,0,01,"","","","","","",N,N,"","",N,"",0,"","","",0630,"","","","","","","","","",2,"",Y,"","","","",N,"",N,"",0,0,0,0,0,0,0,0,0,0,0,0,0,0,"","","","","",3,"","",0,"",N,"","",0,"",N,"","","",2,0,"",0,1,"",0,"","","",1,0,1,0,0,0,"","","",1,1,"",0,0,"","","",0,1,3,"","","",1,0,0,0,0,0,"","","","","","",1,"","","",1,0,"","","",0,0,0,0,0,1,"","","","","","","","",0,0,1,1,0,"","","","","","",1,"","","","",1,0,0,1,0,0,"","",0,"","","","","","","","","","","","","","","","",1,0,"","","","","","",1,"","","",0,"","","",1,"","","","",1,"","","","","","",1,"","","","",0,"","","","","","","","","",1,"","","",0,"","","","","","","","",N,"","","","","",1008,"","","","","",8.1,"","","",2,"","","","","","","","","","","","","",0,"",53.5,"","","","","","","",3,"",0,"","","","","","",0,"","","",0,"","","",3.7,"","","","","","","","","","","","","","","","","","","","","","","","","","","","",148.75,"",6.25,"","","",6.5,"","","",0,"",16,"","","","","","","","","","",0,10,13,190.5,"","","","","","","","","","","","","","","","",3,"","","","","","","","","","","","","","","","","","","","",N,"","","","",""
01,01,2,"",AIEA,Y,A,020,"",19970703,Y,"PALI MOMI MEDICAL CENTER",00040,"",19890816,19891227,17120,120026,09,N,HI,12,001,"98-1079 MOANALUA ROAD",8084866000,00,"",5,04,96701,15,003,U,46520,19970521,20000521,1,0,0,0,0,0,0,0,0,0,0,0,0,Y,N,N,N,N,"",1,"","","",N,116,"","","","","","","","","","","","","",116,"","",N,N,N,0,01,"","","","","","",N,N,"","",N,"",0,"","",8084854372,0630,"","","","","","","","","",2,"",Y,"","","","",N,"",N,"",0,0,0,0,0,0,0,0,0,0,0,0,0,0,"","","","","",3,"","",0,"",N,"","",0,"",N,"","","",2,0,"",0,1,"",0,"","","",0,0,0,0,0,0,"","","",2,1,"",0,0,"","","",0,1,1,"","","",1,0,0,0,0,0,"","","","","","",1,"","","",1,0,"","","",0,0,0,0,0,1,"","","","","","","","",0,0,0,1,0,"","","","","","",1,"","","","",1,0,0,1,1,0,"","",0,"","","","","","","","","","","","","","","","",1,0,"","","","","","",1,"","","",0,"","","",1,"","","","",1,"","","","","","",1,"","","","",0,"","","","","","","","","",1,"","","",0,"","","","","","","","",Y,"","","","","",0,"","","","","",0,"","","",1.45,"","","","","","","","","","","","","",0,"",0,"","","","","","","",1.48,"",0,"","","","","","",0,"","","",0,"","","",1.98,"","","","","","","","","","","","","","","","","","","","","","","","","","","","",0,"",0,"","","",0,"","","",0,"",4,"","","","","","","","","","",0,5,0.63,111.53,"","","","","","","","","","","","","","","","",0.9,"","","","","","","","","","","","","","","","","","","","",N,"","","","",""
01,01,0,"",KAMUELA,N,B,010,"",20130610,Y,"NORTH HAWAII COMMUNITY HOSPITAL, INC",01201,"",19960703,"",00040,120028,09,N,HI,12,001,"67 1125 MAMALAHOA HIGHWAY",8088854444,00,"",5,02,96743,15,001,R,99912,20100528,"",1,0,0,0,0,0,0,0,0,0,0,0,0,N,N,N,N,N,"",1,"","","",Y,33,"","","","","","","","","","","","","",33,"","",N,N,N,0,01,"","","","","","",N,N,"","",N,"",0,"","",8088814404,1231,"","","","","","","","","",4,"",Y,"","","","",N,"",N,"",0,0,0,0,0,0,0,0,0,0,0,0,0,5,"","","","","",3,"","",0,"",N,"","",0,"",N,"","","",0,0,"",0,2,"",0,"","","",0,0,0,1,3,0,"","","",2,1,"",1,0,"","","",1,3,1,"","","",3,1,0,0,0,3,"","","","","","",3,"","","",1,0,"","","",1,0,1,2,0,1,"","","","","","","","",3,2,0,3,3,"","","","","","",1,"","","","",3,0,1,3,2,0,"","",0,"","","","","","","","","","","","","","","","",1,0,"","","","","","",1,"","","",3,"","","",1,"","","","",1,"","","","","","",1,"","","","",1,"","","","","","","","","",3,"","","",0,"","","","","","","","",Y,"","","","","",0,"","","","","",3,"","","",2,"","","","","","","","","","","","","",0,"",2,"","","","","","","",1,"",1,"","","","","","",2,"","","",6,"","","",2,"","","","","","","","","","","","","","","","","","","","","","","","","","","","",11,"",1,"","","",0,"","","",2,"",3.5,"","","","","","","","","","",3,4,4,60.5,"","","","","","","","","","","","","","","","",1.5,"","","","","","","","","","","","","","","","","","","","",N,"","","","",""
"",01,0,"",HONOLULU,N,"",020,"",20051222,N,"VA PACIFIC ISLANDS HCS","","",20051222,"","",12006F,09,Y,HI,12,001,"459 PATTERSON ROAD",8084330464,00,"",1,"",96819,15,003,U,46520,"","",0,0,0,0,0,0,0,0,0,0,0,0,0,N,N,N,N,N,"","","","","",N,229,"","","","","","","","","","","","","",229,"","",N,N,N,0,"","","","","","","",N,N,"","",N,"",0,"","","","","","","","","","","","","","","",N,"","","","",N,"",N,F,0,0,0,0,0,0,0,0,0,0,0,0,0,0,"","","","","","","","",0,"",N,"","",0,"",N,"","","",0,0,"",0,0,"",0,"","","",0,0,0,0,0,0,"","","",0,0,"",0,0,"","","",0,0,0,"","","",0,0,0,0,0,0,"","","","","","",0,"","","",0,0,"","","",0,0,0,0,0,0,"","","","","","","","",0,0,0,0,0,"","","","","","","","","","","",0,0,0,0,0,0,"","",0,"","","","","","","","","","","","","","","","",0,0,"","","","","","","","","","",0,"","","","","","","","","","","","","","","","","","","","",0,"","","","","","","","","",0,"","","",0,"","","","","","","","",N,"","","","","",0,"","","","","",0,"","","",0,"","","","","","","","","","","","","",0,"",0,"","","","","","","",0,"",0,"","","","","","",0,"","","",0,"","","",0,"","","","","","","","","","","","","","","","","","","","","","","","","","","","",0,"",0,"","","",0,"","","",0,"",0,"","","","","","","","","","",0,0,0,0,"","","","","","","","","","","","","","","","",0,"","","","","","","","","","","","","","","","","","","","",N,"","","","",""
11,01,0,"",WAIMEA,N,A,040,"",20170922,Y,"KAUAI VETERANS MEMORIAL HOSPITAL",00454,"",20010411,"",00454,121300,09,N,HI,12,001,"4643 WAIMEA CANYON DRIVE",8083389431,00,"",5,06,96796,15,007,R,99912,20170801,"",1,0,0,0,0,0,0,0,0,0,0,1,1,N,N,N,N,N,"",1,"","","",N,25,"","","","","","","","","","","","","",25,"","",N,N,Y,0,11,"",12D0646250,"","","","",N,N,"","",N,"",1,"","",8083389420,0630,"","","","","","","","","",4,"",Y,"","","","",N,"",N,"",0,0,0,0,0,0,1,0,0,0,0,0,1,2,"","","","","",3,"","",0,"",N,"","",0,"",N,"","","",0,0,"",0,2,"",2,"","","",0,0,0,1,0,0,"","","",1,1,"",1,2,"","","",0,1,1,"","","",3,0,0,0,0,0,"","","","","","",1,"","","",1,0,"","","",1,0,1,0,0,0,"","","","","","","","",1,2,0,1,2,"","","","","","",1,"","","","",1,0,1,1,1,0,"","",0,"","","","","","","","","","","","","","","","",1,0,"","","","","","",1,"","","",0,"","","",1,"","","","",1,"","","","","","",2,"","","","",1,"","","","","","","","","",0,"","","",0,"","","","","","","","",Y,"","","","","",152,"","","","","",0,"","","",1,"","","","","","","","","","","","","",1,"",17,"","","","","","","",1,"",2,"","","","","","",0,"","","",0,"","","",1,"","","","","","","","","","","","","","","","","","","","","","","","","","","","",9,"",0,"","","",0,"","","",0,"",2,"","","","","","","","","","",5,3,2,81,"","","","","","","","","","","","","","","","",0,"","","","","","","","","","","","","","","","","","","","",Y,1,"","","",""
11,01,0,"",PAHALA,N,A,010,120018,20210706,Y,"KAU HOSPITAL",01211,"",20010701,"",01211,121301,09,N,HI,12,001,"1 KAMANI STREET",8089288331,00,"",2,06,96777,15,001,R,99912,"","",0,0,0,0,0,0,0,0,0,0,1,1,2,N,N,N,N,N,"",0,"","","",Y,21,"","","","","","","","","","","","","",21,"","",N,N,Y,0,11,"",12D1001774,"","","","",N,N,"","",N,"",0,"","",8089288980,0630,"","","","","","","","","",4,"",Y,"","","","",N,"",N,"",0,0,0,0,0,0,0,0,0,0,0,0,0,0,"","","","","",3,"","",0,"",N,"","",0,"",N,"","","",0,0,"",0,0,"",0,"","","",0,0,0,1,0,0,"","","",2,0,"",0,0,"","","",0,1,3,"","","",3,0,0,0,0,0,"","","","","","",0,"","","",0,0,"","","",0,0,0,0,0,0,"","","","","","","","",0,0,0,0,0,"","","","","","",0,"","","","",3,0,0,0,0,0,"","",0,"","","","","","","","","","","","","","","","",0,0,"","","","","","",1,"","","",0,"","","",0,"","","","",0,"","","","","","",0,"","","","",0,"","","","","","","","","",0,"","","",0,"","","","","","","","",Y,"","","","","",55,"","","","","",0,"","","",0.2,"","","","","","","","","","","","","",0,"",4,"","","","","","","",0,"",0,"","","","","","",0,"","","",0,"","","",0.6,"","","","","","","","","","","","","","","","","","","","","","","","","","","","",0,"",0,"","","",0,"","","",0,"",0.8,"","","","","","","","","","",2,0,0,10,"","","","","","","","","","","","","","","","",0,"","","","","","","","","","","","","","","","","","","","",N,"","","","",""
11,01,0,"",KAPAAU,N,B,010,120021,20220318,Y,"KOHALA HOSPITAL",01211,"",20010701,"",01211,121302,09,N,HI,12,001,"54-383 HOSPITAL ROAD",8088896211,00,"",2,06,96755,15,001,R,99912,"","",0,0,0,0,0,0,0,0,0,0,0,0,0,N,N,N,N,N,"",2,"","","",Y,25,"","","","","","","","","","","","","",25,"","",N,N,Y,0,11,"","","","","","",N,N,"","",N,"",0,"","",8088896978,0630,"","","","","","","","","",4,"",Y,"","","","",N,"",N,"",0,0,0,0,0,0,0,0,0,0,0,0,0,0,"","","","","",3,"","",0,"",N,"","",0,"",N,"","","",0,0,"",0,0,"",0,"","","",0,0,0,1,0,0,"","","",2,0,"",0,2,"","","",0,3,0,"","","",3,2,0,0,2,0,"","","","","","",0,"","","",0,0,"","","",0,0,0,0,0,0,"","","","","","","","",0,0,0,0,0,"","","","","","",1,"","","","",0,0,0,0,1,0,"","",0,"","","","","","","","","","","","","","","","",0,0,"","","","","","",0,"","","",0,"","","",0,"","","","",1,"","","","","","",1,"","","","",0,"","","","","","","","","",0,"","","",0,"","","","","","","","",Y,"","","","","",49,"","","","","",0,"","","",0,"","","","","","","","","","","","","",0,"",1,"","","","","","","",0.5,"",0,"","","","","","",0,"","","",0,"","","",1,"","","","","","","","","","","","","","","","","","","","","","","","","","","","",0,"",0,"","","",0,"","","",0,"",1,"","","","","","","","","","",2.5,0,0,20,"","","","","","","","","","","","","","","","",0.5,"","","","","","","","","","","","","","","","","","","","",Y,1,"","","",""
11,01,0,"",KAUNAKAKAI,Y,A,050,120009,20121214,Y,"MOLOKAI GENERAL HOSPITAL",00454,"",20011101,"",00454,121303,09,N,HI,12,001,"280 HOME OLU PLACE",8085533123,00,"",5,02,96748,15,009,U,27980,20121101,20151031,1,0,0,0,0,0,0,0,0,0,0,0,0,N,N,N,N,N,"",2,"","","",N,13,"","","","","","","","","","","","","",13,"","",N,N,Y,0,11,"",12D0646226,12D0917995,"","","",N,N,"","",N,"",0,"","",8085533133,0630,"","","","","","","","","",4,"",Y,"","","","",N,"",N,"",0,0,0,0,0,0,0,0,0,0,0,0,0,0,"","","","","",1,"","",0,"",N,"","",0,"",N,"","","",0,0,"",0,0,"",0,"","","",0,0,0,1,1,0,"","","",2,0,"",1,0,"","","",0,1,1,"","","",1,0,0,0,0,0,"","","","","","",0,"","","",0,0,"","","",0,0,0,0,0,0,"","","","","","","","",1,0,0,0,0,"","","","","","",0,"","","","",1,0,1,0,0,0,"","",0,"","","","","","","","","","","","","","","","",0,0,"","","","","","",1,"","","",0,"","","",0,"","","","",1,"","","","","","",0,"","","","",0,"","","","","","","","","",0,"","","",0,"","","","","","","","",N,"","","","","",65.7,"","","","","",0,"","","",0,"","","","","","","","","","","","","",0,"",0.1,"","","","","","","",0,"",0,"","","","","","",0,"","","",0,"","","",0,"","","","","","","","","","","","","","","","","","","","","","","","","","","","",2,"",0,"","","",0,"","","",0,"",1.2,"","","","","","","","","","",3,0,0,13,"","","","","","","","","","","","","","","","",0,"","","","","","","","","","","","","","","","","","","","",Y,1,"","","",""
11,01,1,20080314,KAHUKU,N,A,020,"",20130814,Y,"KAHUKU MEDICAL CENTER",00454,"",20011120,20080314,00454,121304,09,N,HI,12,001,"56-117 PUALALEA STREET",8082939221,00,"",2,03,96731,15,003,U,46520,20180504,"",1,0,0,0,0,0,0,0,0,0,0,1,1,N,N,N,N,N,"",1,"","","",N,11,"","","","","","","","","","","","","",11,"","",N,N,Y,0,11,"",12D0619060,"","","","",N,N,"","",N,"",0,"","",8082932262,0630,"","","","","","","","","",4,"",Y,"","","","",N,"",N,"",0,0,0,0,0,0,0,0,0,0,0,0,0,0,"","","","","",3,"","",0,"",N,"","",0,"",N,"","","",0,0,"",0,0,"",0,"","","",0,0,0,2,0,0,"","","",1,0,"",0,0,"","","",0,1,0,"","","",1,0,0,0,0,0,"","","","","","",0,"","","",0,0,"","","",0,0,0,0,0,0,"","","","","","","","",0,0,0,0,0,"","","","","","",2,"","","","",1,0,2,0,0,0,"","",0,"","","","","","","","","","","","","","","","",0,0,"","","","","","",2,"","","",0,"","","",2,"","","","",1,"","","","","","",2,"","","","",0,"","","","","","","","","",0,"","","",0,"","","","","","","","",N,"","","","","",45,"","","","","",0,"","","",0,"","","","","","","","","","","","","",3,"",0,"","","","","","","",1,"",1,"","","","","","",0,"","","",0,"","","",1,"","","","","","","","","","","","","","","","","","","","","","","","","","","","",0,"",0,"","","",0,"","","",0,"",1,"","","","","","","","","","",3,1.5,1,13,"","","","","","","","","","","","","","","","",1,"","","","","","","","","","","","","","","","","","","","",N,"","","","",""
11,01,1,20170701,"LANAI CITY",N,A,050,120015,20231027,Y,"LANAI COMMUNITY HOSPITAL",01211,"",20011209,"",01211,121305,09,N,HI,12,001,"628 7TH STREET",8085658450,00,"",2,02,96763,15,009,U,27980,"","",0,0,0,0,0,0,0,0,0,0,0,0,0,N,N,N,N,N,"",0,"","","",N,4,"","","","","","","","","","","","","",4,"","",N,N,Y,0,11,"","","","","","",N,N,"","",N,"",0,"","",8085658474,1231,"","","","","","","","","",4,"",Y,"","","","",N,"",N,"",0,0,0,0,0,0,0,0,0,0,0,0,0,0,"","","","","",3,"","",0,"",N,"","",0,"",N,"","","",0,0,"",0,0,"",0,"","","",0,0,0,0,0,0,"","","",3,0,"",0,0,"","","",0,3,3,"","","",3,0,0,0,0,0,"","","","","","",0,"","","",0,0,"","","",0,0,0,0,0,0,"","","","","","","","",0,0,0,0,0,"","","","","","",0,"","","","",0,0,0,0,0,0,"","",0,"","","","","","","","","","","","","","","","",0,0,"","","","","","",0,"","","",0,"","","",0,"","","","",3,"","","","","","",0,"","","","",0,"","","","","","","","","",0,"","","",0,"","","","","","","","",N,"","","","","",0,"","","","","",0,"","","",0,"","","","","","","","","","","","","",0,"",1,"","","","","","","",0,"",0,"","","","","","",0,"","","",0,"","","",0,"","","","","","","","","","","","","","","","","","","","","","","","","","","","",1,"",0,"","","",0,"","","",0,"",0,"","","","","","","","","","",0,0,0,1,"","","","","","","","","","","","","","","","",0,"","","","","","","","","","","","","","","","","","","","",Y,1,"","","",""
11,01,0,"",KAPAA,Y,A,040,120025,20201120,Y,"SAMUEL MAHELONA MEMORIAL HOSPITAL",01211,"",20051223,"",01211,121306,09,N,HI,12,001,"4800 KAWAIHAU ROAD",8088224961,00,"",2,06,96746,15,007,R,99912,"","",0,0,0,0,0,0,0,0,0,0,0,1,1,N,N,N,N,N,"",1,"","","",N,14,"","","","","","","","","","","","","",14,"","",N,N,Y,0,11,"",12D0877885,"","","","",N,N,"","",N,"",0,"","",8088234100,0630,"","","","","","","","","",4,"",Y,"","","","",N,"",N,"",0,0,0,0,0,0,0,0,0,0,0,0,0,0,"","","","","",3,"","",9,20051223,Y,0,"",0,"",N,"","","",0,3,"",0,0,"",0,"","","",0,0,0,1,0,0,"","","",2,0,"",0,2,"","","",0,1,1,"","","",3,3,0,2,2,0,"","","","","","",0,"","","",0,0,"","","",0,0,0,0,0,0,"","","","","","","","",0,0,0,0,0,"","","","","","",1,"","","","",3,0,1,0,0,0,"","",0,"","","","","","","","","","","","","","","","",0,2,"","","","","","",1,"","","",0,"","","",1,"","","","",1,"","","","","","",2,"","","","",0,"","","","","","","","","",0,"","","",0,"","","","","","","","",N,"","","","","",0.25,"","","","","",0,"","","",0.5,"","","","","","","","","","","","","",0,"",0,"","","","","","","",1,"",0,"","","","","","",0,"","","",0,"","","",1,"","","","","","","","","","","","","","","","","","","","","","","","","","","","",1,"",0,"","","",0,"","","",0.5,"",1,"","","","","","","","","","",2,1,1,15,"","","","","","","","","","","","","","","","",1,"","","","","","","","","","","","","","","","","","","","",Y,1,"","","",""
11,01,0,"",HONOKAA,N,A,010,"",20200117,Y,"HONOKA'A HOSPITAL AND SKILLED NURSING",00454,"",20051223,"",00454,121307,09,N,HI,12,001,"45-547 PLUMERIA STREET",8089324100,00,"",2,06,96727,15,001,R,99912,"","",0,0,0,0,0,0,0,0,0,0,0,1,1,N,N,N,N,N,"",2,"","","",N,11,"","","","","","","","","","","","","",11,"","",N,N,Y,0,11,"",12D0923426,"","","","",N,N,"","",N,"",0,"","",8087759977,0630,"","","","","","","","","",4,"",Y,"","","","",N,"",N,"",0,0,0,0,0,0,0,0,0,0,0,0,0,0,"","","","","",3,"","",0,"",N,"","",0,"",N,"","","",0,0,"",0,0,"",0,"","","",0,0,0,2,0,0,"","","",2,0,"",0,2,"","","",0,2,1,"","","",1,0,0,0,0,0,"","","","","","",0,"","","",0,0,"","","",0,0,0,0,0,0,"","","","","","","","",0,0,0,2,0,"","","","","","",2,"","","","",3,0,2,0,0,0,"","",0,"","","","","","","","","","","","","","","","",0,0,"","","","","","",2,"","","",0,"","","",0,"","","","",1,"","","","","","",2,"","","","",0,"","","","","","","","","",0,"","","",0,"","","","","","","","",Y,"","","","","",0,"","","","","",0,"","","",0.15,"","","","","","","","","","","","","",0,"",0,"","","","","","","",0.15,"",0,"","","","","","",0,"","","",0,"","","",1,"","","","","","","","","","","","","","","","","","","","","","","","","","","","",0,"",0,"","","",0,"","","",0,"",2,"","","","","","","","","","",0,0,0,8,"","","","","","","","","","","","","","","","",0.25,"","","","","","","","","","","","","","","","","","","","",Y,1,"","","",""
11,01,3,20170701,KULA,N,A,050,120024,20210903,Y,"KULA HOSPITAL",01211,"",20051223,"",01211,121308,09,N,HI,12,001,"100 KEOKEA PLACE",8088781221,00,"",2,02,96790,15,009,U,27980,"","",0,0,0,0,0,0,0,0,0,0,0,0,0,N,N,N,N,N,"",1,"","","",N,9,"","","","","","","","","","","","","",9,"","",N,N,N,0,11,"",12D0619844,"","","","",N,N,"","",N,"",0,"","",8088781791,1231,"","","","","","","","","",4,"",Y,"","","",20050906,Y,"",N,"",0,0,0,0,0,0,0,0,0,0,0,0,0,0,"","","","","",3,"","",0,"",N,"","",0,"",N,"","","",0,0,"",0,0,"",0,"","","",0,0,0,1,0,0,"","","",2,0,"",0,2,"","","",0,1,1,"","","",1,0,0,0,0,0,"","","","","","",0,"","","",0,0,"","","",0,0,0,0,0,0,"","","","","","","","",0,0,0,0,0,"","","","","","",1,"","","","",0,0,0,0,0,0,"","",0,"","","","","","","","","","","","","","","","",0,0,"","","","","","",1,"","","",0,"","","",0,"","","","",1,"","","","","","",1,"","","","",0,"","","","","","","","","",0,"","","",0,"","","","","","","","",Y,"","","","","",0,"","","","","",0,"","","",1,"","","","","","","","","","","","","",0,"",0,"","","","","","","",1,"",0,"","","","","","",0,"","","",0,"","","",1,"","","","","","","","","","","","","","","","","","","","","","","","","","","","",1,"",0,"","","",0,"","","",0,"",1,"","","","","","","","","","",1,1,0,4,"","","","","","","","","","","","","","","","",1,"","","","","","","","","","","","","","","","","","","","",Y,1,"","","",""
02,01,1,"",HONOLULU,N,A,020,"",20120113,Y,"LEAHI HOSPITAL",00040,"",19690101,"","",122001,09,N,HI,12,001,"3675 KILAUEA AVENUE",8087338000,00,"",2,06,96816,15,003,U,46520,"","",0,0,0,0,0,0,0,0,0,0,0,1,1,N,N,N,N,N,"",2,"","","",N,9,"","","","","","","","","","","","","",9,"","",Y,Y,Y,0,02,"","","","","","",N,N,"","",N,"",0,"","",8087337914,0630,"","","","","","","","","",4,"",Y,"","","","",N,"",N,"",0,0,0,0,0,0,0,0,0,0,0,0,0,0,"","","","","",3,"","",0,"",N,"","",0,"",N,"","","",0,0,"",0,0,"",0,"","","",0,0,0,1,0,0,"","","",2,0,"",0,2,"","","",0,2,1,"","","",0,0,0,0,0,0,"","","","","","",0,"","","",0,0,"","","",0,0,0,0,0,0,"","","","","","","","",0,0,0,0,0,"","","","","","",1,"","","","",0,0,0,0,0,0,"","",0,"","","","","","","","","","","","","","","","",0,0,"","","","","","",1,"","","",0,"","","",0,"","","","",1,"","","","","","",3,"","","","",0,"","","","","","","","","",0,"","","",0,"","","","","","","","",Y,"","","","","",1,"","","","","",0,"","","",1,"","","","","","","","","","","","","",0.25,"",3,"","","","","","","",1,"",0.25,"","","","","","",0,"","","",0.5,"","","",1,"","","","","","","","","","","","","","","","","","","","","","","","","","","","",1,"",0,"","","",0,"","","",0,"",1,"","","","","","","","","","",0.25,0,0,3,"","","","","","","","","","","","","","","","",0,"","","","","","","","","","","","","","","","","","","","",N,"","","","",""
05,01,0,"",HONOLULU,Y,A,020,"",20020607,Y,"REHABILITATION HOSPITAL OF THE PACIFIC",00040,"",19841001,"",17120,123025,09,N,HI,12,001,"226 N KUAKINI STREET",8085313511,00,"",5,02,96817,15,003,U,46520,20020425,20050425,1,0,0,0,0,0,0,0,0,0,0,0,0,N,N,N,Y,N,"",2,"","","",Y,100,"","","","","","","","","","","","","",100,"","",N,N,N,0,05,"",12D0666861,"","","","",N,N,"","",N,"",0,"","","",0930,"","","","","","","","","",2,"",Y,"","","","",N,"",N,"",0,0,0,0,0,0,0,0,0,0,0,0,0,0,"","","","","",3,"","",0,"",N,"","",0,"",N,"","","",0,0,"",0,0,"",0,"","","",0,0,0,0,0,0,"","","",2,0,"",0,0,"","","",0,2,1,"","","",0,0,0,0,0,0,"","","","","","",0,"","","",0,0,"","","",0,0,0,0,0,0,"","","","","","","","",0,0,0,0,0,"","","","","","",1,"","","","",1,0,0,0,0,0,"","",0,"","","","","","","","","","","","","","","","",0,0,"","","","","","",1,"","","",0,"","","",0,"","","","",1,"","","","","","",1,"","","","",0,"","","","","","","","","",0,"","","",0,"","","","","","","","",Y,"","","","","",0,"","","","","",0,"","","",1.75,"","","","","","","","","","","","","",0,"",21.95,"","","","","","","",3,"",0,"","","","","","",0,"","","",0,"","","",22.3,"","","","","","","","","","","","","","","","","","","","","","","","","","","","",0,"",0,"","","",0,"","","",0,"",43.47,"","","","","","","","","","",0,0,0,45.77,"","","","","","","","","","","","","","","","",6.85,"","","","","","","","","","","","","","","","","","","","",N,"","","","",""
06,01,0,"",HONOLULU,N,A,020,"",20180504,Y,"KAPIOLANI MEDICAL CENTER FOR WOMEN & CHILDREN",01201,"",19880701,"",01201,123300,09,N,HI,12,001,"1319 PUNAHOU STREET",8089836000,00,"",5,02,96826,15,003,U,46520,20180416,"",1,0,0,0,0,0,0,0,0,0,0,0,0,Y,N,N,N,N,"",1,"","","",Y,243,"","","","","","","","","","","","","",243,"","",N,N,N,0,06,"",12D0621500,"","","","",N,N,"","",N,"",0,"","",8089838071,0630,"","","","","","","","","",2,"",Y,"","","","",N,"",N,"",0,0,0,0,0,0,0,0,0,0,0,0,0,9,"","","","","",3,"","",0,"",N,"","",0,"",N,"","","",2,2,"",0,2,"",1,"","","",0,0,3,1,1,0,"","","",1,0,"",1,0,"","","",1,1,3,"","","",1,2,0,0,0,0,"","","","","","",1,"","","",1,0,"","","",1,1,1,1,0,1,"","","","","","","","",1,3,0,1,1,"","","","","","",1,"","","","",1,2,1,1,1,1,"","",0,"","","","","","","","","","","","","","","","",1,2,"","","","","","",1,"","","",1,"","","",1,"","","","",1,"","","","","","",1,"","","","",1,"","","","","","","","","",2,"","","",0,"","","","","","","","",Y,"","","","","",670.87,"","","","","",0,"","","",0,"","","","","","","","","","","","","",0,"",0,"","","","","","","",17.78,"",0,"","","","","","",1.48,"","","",1.8,"","","",3.88,"","","","","","","","","","","","","","","","","","","","","","","","","","","","",0,"",0,"","","",0,"","","",0,"",5.75,"","","","","","","","","","",33.23,21.7,51.83,646.85,"","","","","","","","","","","","","","","","",6.5,"","","","","","","","","","","","","","","","","","","","",N,"","","","",""
06,01,0,"",HONOLULU,N,A,020,"",20170317,Y,"SHRINERS HOSPITALS FOR CHILDREN",01201,"",20110330,"",01201,123301,09,N,HI,12,001,"1310 PUNAHOU STREET",8089414466,00,"",5,02,96826,15,003,U,46520,20170121,20200131,1,0,0,0,0,0,0,0,0,0,0,0,0,Y,Y,N,N,N,"",3,"","","",N,24,"","","","","","","","","","","","","",24,"","",N,N,N,0,06,"",12D0908091,"","","","",N,N,"","",N,"",0,"","",8089428573,1231,"","","","","","","","","",2,"",Y,"","","","",N,"",N,"",0,0,0,0,0,0,0,0,0,0,0,0,0,2,"","","","","",3,"","",0,"",N,"","",0,"",N,"","","",0,0,"",0,3,"",0,"","","",0,0,0,1,0,0,"","","",2,0,"",0,3,"","","",0,3,1,"","","",0,0,0,0,0,0,"","","","","","",1,"","","",0,0,"","","",0,0,0,0,0,0,"","","","","","","","",0,0,0,1,3,"","","","","","",1,"","","","",3,0,1,1,3,0,"","",0,"","","","","","","","","","","","","","","","",1,0,"","","","","","",1,"","","",0,"","","",0,"","","","",1,"","","","","","",1,"","","","",0,"","","","","","","","","",0,"","","",0,"","","","","","","","",N,"","","","","",89.75,"","","","","",0,"","","",1.5,"","","","","","","","","","","","","",0,"",2.4,"","","","","","","",1.5,"",0,"","","","","","",0,"","","",3,"","","",0.5,"","","","","","","","","","","","","","","","","","","","","","","","","","","","",6.15,"",0,"","","",0,"","","",0,"",4,"","","","","","","","","","",3.5,2,0,26.1,"","","","","","","","","","","","","","","","",0,"","","","","","","","","","","","","","","","","","","","",N,"","","","",""
